{"cameraMode":{"drawMode":0,"name":"Shaded","section":"Shading Mode"},"sceneLighting":true,"audioPlay":false,"sceneViewState":{"m_AlwaysRefresh":false,"showFog":true,"showSkybox":true,"showFlares":true,"showImageEffects":true,"showParticleSystems":true,"showVisualEffectGraphs":true,"m_FxEnabled":true},"in2DMode":false,"pivot":{"x":-0.06029884144663811,"y":0.07482971251010895,"z":3.1445910930633547},"rotation":{"x":-0.015105094760656357,"y":-0.9735860228538513,"z":0.0675879642367363,"w":-0.2176034152507782},"size":2.3993117809295656,"orthographic":false}